mysql> select * from employee;
+--------+----------+----------+---------+
| emp_id | emp_name | sal      | dept_id |
+--------+----------+----------+---------+
|    201 | ravi     | 55000.00 |       2 |
|    202 | meena    | 60000.00 |       3 |
|    203 | raj      | 30000.00 |       4 |
|    204 | jothi    | 44000.00 |       1 |
|    205 | karan    | 56000.00 |       5 |
+--------+----------+----------+---------+
5 rows in set (0.00 sec)

mysql> select * from employee
    -> where dept_id=3;
+--------+----------+----------+---------+
| emp_id | emp_name | sal      | dept_id |
+--------+----------+----------+---------+
|    202 | meena    | 60000.00 |       3 |
+--------+----------+----------+---------+
1 row in set (0.00 sec)

mysql> select * from employee
    -> order by sal desc;
+--------+----------+----------+---------+
| emp_id | emp_name | sal      | dept_id |
+--------+----------+----------+---------+
|    202 | meena    | 60000.00 |       3 |
|    205 | karan    | 56000.00 |       5 |
|    201 | ravi     | 55000.00 |       2 |
|    204 | jothi    | 44000.00 |       1 |
|    203 | raj      | 30000.00 |       4 |
+--------+----------+----------+---------+
5 rows in set (0.00 sec)

mysql> select * from employee
    -> where emp_name like '%e%';
+--------+----------+----------+---------+
| emp_id | emp_name | sal      | dept_id |
+--------+----------+----------+---------+
|    202 | meena    | 60000.00 |       3 |
+--------+----------+----------+---------+
1 row in set (0.00 sec)
